code,Description,LAST_UPDATED
101013,Neoplasm of anterior aspect of epiglottis,2025-09-09
101013,Neoplasm of anterior aspect of epiglottis,2025-09-09
102018,Neoplasm of junctional region of epiglottis,2025-09-09
102018,Neoplasm of junctional region of epiglottis,2025-09-09
103011,Neoplasm of lateral wall of oropharynx,2025-09-09
103011,Neoplasm of lateral wall of oropharynx,2025-09-09
104017,Neoplasm of posterior wall of oropharynx,2025-09-09
104017,Neoplasm of posterior wall of oropharynx,2025-09-09
105016,Neoplasm of esophagus,2025-09-09
105016,Neoplasm of esophagus,2025-09-09
106015,Neoplasm of cervical esophagus,2025-09-09
106015,Neoplasm of cervical esophagus,2025-09-09
107012,Neoplasm of thoracic esophagus,2025-09-09
107012,Neoplasm of thoracic esophagus,2025-09-09
108019,Neoplasm of abdominal esophagus,2025-09-09
108019,Neoplasm of abdominal esophagus,2025-09-09
110017,Neoplasm of middle third of esophagus,2025-09-09
110017,Neoplasm of middle third of esophagus,2025-09-09
111018,Neoplasm of lower third of esophagus,2025-09-09
111018,Neoplasm of lower third of esophagus,2025-09-09
112013,Neoplasm of stomach,2025-09-09
112013,Neoplasm of stomach,2025-09-09
113015,Neoplasm of cardia of stomach,2025-09-09
113015,Neoplasm of cardia of stomach,2025-09-09
114014,Neoplasm of fundus of stomach,2025-09-09
114014,Neoplasm of fundus of stomach,2025-09-09
115010,Neoplasm of body of stomach,2025-09-09
115010,Neoplasm of body of stomach,2025-09-09
116011,Neoplasm of lesser curvature of stomach,2025-09-09
116011,Neoplasm of lesser curvature of stomach,2025-09-09
117019,Neoplasm of greater curvature of stomach,2025-09-09
117019,Neoplasm of greater curvature of stomach,2025-09-09
118012,Neoplasm of pyloric antrum,2025-09-09
118012,Neoplasm of pyloric antrum,2025-09-09
119016,Neoplasm of pylorus,2025-09-09
119016,Neoplasm of pylorus,2025-09-09
120010,Neoplasm of small intestine,2025-09-09
120010,Neoplasm of small intestine,2025-09-09
121014,Neoplasm of duodenum,2025-09-09
121014,Neoplasm of duodenum,2025-09-09
122019,Neoplasm of jejunum,2025-09-09
122019,Neoplasm of jejunum,2025-09-09
123012,Neoplasm of ileum,2025-09-09
123012,Neoplasm of ileum,2025-09-09
124018,Neoplasm of Meckel's diverticulum,2025-09-09
125017,Neoplasm of large intestine,2025-09-09
125017,Neoplasm of large intestine,2025-09-09
126016,Neoplasm of colon,2025-09-09
126016,Neoplasm of colon,2025-09-09
127013,Neoplasm of cecum,2025-09-09
127013,Neoplasm of cecum,2025-09-09
128015,Neoplasm of ascending colon,2025-09-09
128015,Neoplasm of ascending colon,2025-09-09
129011,Neoplasm of hepatic flexure of colon,2025-09-09
129011,Neoplasm of hepatic flexure of colon,2025-09-09
130018,Neoplasm of transverse colon,2025-09-09
130018,Neoplasm of transverse colon,2025-09-09
131019,Neoplasm of splenic flexure of colon,2025-09-09
131019,Neoplasm of splenic flexure of colon,2025-09-09
132014,Neoplasm of descending colon,2025-09-09
132014,Neoplasm of descending colon,2025-09-09
133016,Neoplasm of sigmoid colon,2025-09-09
133016,Neoplasm of sigmoid colon,2025-09-09
134010,Neoplasm of appendix,2025-09-09
134010,Neoplasm of appendix,2025-09-09
135011,Neoplasm of rectum,2025-09-09
135011,Neoplasm of rectum,2025-09-09
136012,Neoplasm of rectosigmoid junction,2025-09-09
136012,Neoplasm of rectosigmoid junction,2025-09-09
137015,Neoplasm of anus,2025-09-09
137015,Neoplasm of anus,2025-09-09
138013,Neoplasm of anal canal,2025-09-09
138013,Neoplasm of anal canal,2025-09-09
139017,Neoplasm of liver,2025-09-09
139017,Neoplasm of liver,2025-09-09
140015,Neoplasm of intrahepatic bile ducts,2025-09-09
140015,Neoplasm of intrahepatic bile ducts,2025-09-09
141016,Neoplasm of biliary tract,2025-09-09
141016,Neoplasm of biliary tract,2025-09-09
142011,Neoplasm of gallbladder,2025-09-09
142011,Neoplasm of gallbladder,2025-09-09
143018,Neoplasm of extrahepatic bile ducts,2025-09-09
143018,Neoplasm of extrahepatic bile ducts,2025-09-09
144012,Neoplasm of cystic duct,2025-09-09
144012,Neoplasm of cystic duct,2025-09-09
145013,Neoplasm of common bile duct,2025-09-09
145013,Neoplasm of common bile duct,2025-09-09
146014,Neoplasm of ampulla of Vater,2025-09-09
147017,Neoplasm of pancreas,2025-09-09
147017,Neoplasm of pancreas,2025-09-09
148010,Neoplasm of head of pancreas,2025-09-09
148010,Neoplasm of head of pancreas,2025-09-09
149019,Neoplasm of body of pancreas,2025-09-09
149019,Neoplasm of body of pancreas,2025-09-09
150019,Neoplasm of tail of pancreas,2025-09-09
150019,Neoplasm of tail of pancreas,2025-09-09
151015,Neoplasm of pancreatic duct,2025-09-09
151015,Neoplasm of pancreatic duct,2025-09-09
152010,Neoplasm of islets of Langerhans,2025-09-09
153017,Neoplasm of the peritoneum,2025-09-09
153017,Neoplasm of the peritoneum,2025-09-09
154011,Neoplasm of parietal peritoneum,2025-09-09
154011,Neoplasm of parietal peritoneum,2025-09-09
155012,Neoplasm of pelvic peritoneum,2025-09-09
155012,Neoplasm of pelvic peritoneum,2025-09-09
156013,Neoplasm of rectouterine pouch,2025-09-09
156013,Neoplasm of rectouterine pouch,2025-09-09
157016,Neoplasm of the mesentery,2025-09-09
157016,Neoplasm of the mesentery,2025-09-09
158014,Neoplasm of the mesocolon,2025-09-09
158014,Neoplasm of the mesocolon,2025-09-09
159018,Neoplasm of the omentum,2025-09-09
159018,Neoplasm of the omentum,2025-09-09
160011,Neoplasm of the retroperitoneum,2025-09-09
160011,Neoplasm of the retroperitoneum,2025-09-09
161010,Neoplasm of periadrenal tissue,2025-09-09
161010,Neoplasm of periadrenal tissue,2025-09-09
162015,Neoplasm of perirenal tissue,2025-09-09
162015,Neoplasm of perirenal tissue,2025-09-09
163013,Neoplasm of retrocecal tissue,2025-09-09
163013,Neoplasm of retrocecal tissue,2025-09-09
164019,Neoplasm of mesothelial tissue of peritoneum,2025-09-09
164019,Neoplasm of mesothelial tissue of peritoneum,2025-09-09
165018,Disorder of glucose metabolism,2025-09-09
165018,Disorder of glucose metabolism,2025-09-09
166017,Persistent preputial frenulum,2025-09-09
166017,Persistent preputial frenulum,2025-09-09
167014,Neoplasm of urinary system,2025-09-09
167014,Neoplasm of urinary system,2025-09-09
168016,Neoplasm of kidney,2025-09-09
168016,Neoplasm of kidney,2025-09-09
169012,Neoplasm of renal pelvis,2025-09-09
169012,Neoplasm of renal pelvis,2025-09-09
170013,Neoplasm of ureter,2025-09-09
170013,Neoplasm of ureter,2025-09-09
171012,Neoplasm of urethra,2025-09-09
171012,Neoplasm of urethra,2025-09-09
172017,Neoplasm of paraurethral glands,2025-09-09
172017,Neoplasm of paraurethral glands,2025-09-09
173010,Neoplasm of bladder,2025-09-09
173010,Neoplasm of bladder,2025-09-09
174016,Neoplasm of trigone of urinary bladder,2025-09-09
174016,Neoplasm of trigone of urinary bladder,2025-09-09
175015,Neoplasm of apex of urinary bladder,2025-09-09
175015,Neoplasm of apex of urinary bladder,2025-09-09
176019,Neoplasm of lateral wall of urinary bladder,2025-09-09
176019,Neoplasm of lateral wall of urinary bladder,2025-09-09
177011,Neoplasm of anterior wall of urinary bladder,2025-09-09
177011,Neoplasm of anterior wall of urinary bladder,2025-09-09
178018,Neoplasm of posterior wall of urinary bladder,2025-09-09
178018,Neoplasm of posterior wall of urinary bladder,2025-09-09
179014,Neoplasm of urinary bladder neck,2025-09-09
179014,Neoplasm of urinary bladder neck,2025-09-09
180012,Neoplasm of ureteric orifice of urinary bladder,2025-09-09
180012,Neoplasm of ureteric orifice of urinary bladder,2025-09-09
181011,Neoplasm of urachus,2025-09-09
181011,Neoplasm of urachus,2025-09-09
183014,Neoplasm of male genital organ,2025-09-09
183014,Neoplasm of male genital organ,2025-09-09
184015,Neoplasm of penis,2025-09-09
184015,Neoplasm of penis,2025-09-09
185019,Neoplasm of prepuce,2025-09-09
185019,Neoplasm of prepuce,2025-09-09
186018,Neoplasm of glans penis,2025-09-09
186018,Neoplasm of glans penis,2025-09-09
187010,Neoplasm of body of penis,2025-09-09
187010,Neoplasm of body of penis,2025-09-09
188017,Neoplasm of testis,2025-09-09
188017,Neoplasm of testis,2025-09-09
189013,Neoplasm of undescended testis,2025-09-09
189013,Neoplasm of undescended testis,2025-09-09
190016,Neoplasm of epididymis,2025-09-09
190016,Neoplasm of epididymis,2025-09-09
191017,Neoplasm of vas deferens,2025-09-09
191017,Neoplasm of vas deferens,2025-09-09
192012,Neoplasm of spermatic cord,2025-09-09
192012,Neoplasm of spermatic cord,2025-09-09
193019,Neoplasm of scrotum,2025-09-09
193019,Neoplasm of scrotum,2025-09-09
194013,Neoplasm of prostate,2025-09-09
194013,Neoplasm of prostate,2025-09-09
195014,Neoplasm of female genital organ,2025-09-09
195014,Neoplasm of female genital organ,2025-09-09
196010,Neoplasm of uterus,2025-09-09
196010,Neoplasm of uterus,2025-09-09
197018,Neoplasm of body of uterus,2025-09-09
197018,Neoplasm of body of uterus,2025-09-09
198011,Neoplasm of myometrium,2025-09-09
198011,Neoplasm of myometrium,2025-09-09
199015,Neoplasm of isthmus of uterus,2025-09-09
199015,Neoplasm of isthmus of uterus,2025-09-09
200017,Neoplasm of endocervix,2025-09-09
200017,Neoplasm of endocervix,2025-09-09
201018,Neoplasm of exocervix,2025-09-09
201018,Neoplasm of exocervix,2025-09-09
202013,Neoplasm of fundus uteri,2025-09-09
202013,Neoplasm of fundus uteri,2025-09-09
203015,Neoplasm of uterine adnexa,2025-09-09
203015,Neoplasm of uterine adnexa,2025-09-09
204014,Neoplasm of fallopian tube,2025-09-09
204014,Neoplasm of fallopian tube,2025-09-09
205010,Neoplasm of broad ligament,2025-09-09
205010,Neoplasm of broad ligament,2025-09-09
206011,Neoplasm of parametrium,2025-09-09
206011,Neoplasm of parametrium,2025-09-09
207019,Neoplasm of round ligament of uterus,2025-09-09
207019,Neoplasm of round ligament of uterus,2025-09-09
208012,Neoplasm of placenta,2025-09-09
208012,Neoplasm of placenta,2025-09-09
209016,Neoplasm of vagina,2025-09-09
209016,Neoplasm of vagina,2025-09-09
210014,Neoplasm of vulva,2025-09-09
210014,Neoplasm of vulva,2025-09-09
211013,Neoplasm of labia majora,2025-09-09
211013,Neoplasm of labia majora,2025-09-09
212018,Neoplasm of labia minora,2025-09-09
212018,Neoplasm of labia minora,2025-09-09
213011,Neoplasm of clitoris,2025-09-09
213011,Neoplasm of clitoris,2025-09-09
214017,Neoplasm of breast,2025-09-09
214017,Neoplasm of breast,2025-09-09
215016,Neoplasm of female breast,2025-09-09
215016,Neoplasm of female breast,2025-09-09
216015,Neoplasm of nipple of female breast,2025-09-09
216015,Neoplasm of nipple of female breast,2025-09-09
217012,Neoplasm of areola of female breast,2025-09-09
217012,Neoplasm of areola of female breast,2025-09-09
218019,Neoplasm of central portion of female breast,2025-09-09
218019,Neoplasm of central portion of female breast,2025-09-09
219010,Neoplasm of upper inner quadrant of female breast,2025-09-09
219010,Neoplasm of upper inner quadrant of female breast,2025-09-09
220016,Neoplasm of lower inner quadrant of female breast,2025-09-09
220016,Neoplasm of lower inner quadrant of female breast,2025-09-09
221017,Neoplasm of upper outer quadrant of female breast,2025-09-09
221017,Neoplasm of upper outer quadrant of female breast,2025-09-09
222012,Neoplasm of lower outer quadrant of female breast,2025-09-09
222012,Neoplasm of lower outer quadrant of female breast,2025-09-09
223019,Neoplasm of axillary tail of female breast,2025-09-09
223019,Neoplasm of axillary tail of female breast,2025-09-09
224013,Neoplasm of ectopic female breast tissue,2025-09-09
224013,Neoplasm of ectopic female breast tissue,2025-09-09
225014,Neoplasm of male breast,2025-09-09
225014,Neoplasm of male breast,2025-09-09
226010,Neoplasm of nipple of male breast,2025-09-09
226010,Neoplasm of nipple of male breast,2025-09-09
227018,Neoplasm of areola of male breast,2025-09-09
227018,Neoplasm of areola of male breast,2025-09-09
228011,Neoplasm of ectopic male breast tissue,2025-09-09
228011,Neoplasm of ectopic male breast tissue,2025-09-09
229015,Subdural hemorrhage due to birth trauma,2025-09-09
229015,Subdural hemorrhage due to birth trauma,2025-09-09
231012,Separation anxiety,2025-09-09
231012,Separation anxiety,2025-09-09
232017,Hypoxic-ischemic brain injury,2025-09-09
232017,Hypoxic-ischemic brain injury,2025-09-09
233010,Perinatal anoxic-ischemic brain injury,2025-09-09
233010,Perinatal anoxic-ischemic brain injury,2025-09-09
234016,Excessive cerumen in ear canal,2025-09-09
234016,Excessive cerumen in ear canal,2025-09-09
235015,Cerebellopontine angle tumor,2025-09-09
235015,Cerebellopontine angle tumor,2025-09-09
236019,Cerebellopontine angle meningioma,2025-09-09
236019,Cerebellopontine angle meningioma,2025-09-09
237011,Acoustic neuroma,2025-09-09
237011,Acoustic neuroma,2025-09-09
238018,Neoplasm of nervous system,2025-09-09
238018,Neoplasm of nervous system,2025-09-09
239014,Neoplasm of central nervous system,2025-09-09
239014,Neoplasm of central nervous system,2025-09-09
240011,Neoplasm of brain,2025-09-09
240011,Neoplasm of brain,2025-09-09
241010,Neoplasm of cerebrum,2025-09-09
241010,Neoplasm of cerebrum,2025-09-09
242015,Neoplasm of frontal lobe,2025-09-09
242015,Neoplasm of frontal lobe,2025-09-09
243013,Neoplasm of temporal lobe,2025-09-09
243013,Neoplasm of temporal lobe,2025-09-09
244019,Neoplasm of parietal lobe,2025-09-09
244019,Neoplasm of parietal lobe,2025-09-09
245018,Neoplasm of occipital lobe,2025-09-09
245018,Neoplasm of occipital lobe,2025-09-09
246017,Neoplasm of cerebral ventricle,2025-09-09
246017,Neoplasm of cerebral ventricle,2025-09-09
246017,Neoplasm of cerebral ventricle,2025-09-09
247014,Neoplasm of cerebral meninges,2025-09-09
247014,Neoplasm of cerebral meninges,2025-09-09
248016,Neoplasm of cerebellum,2025-09-09
248016,Neoplasm of cerebellum,2025-09-09
249012,Neoplasm of brain stem,2025-09-09
249012,Neoplasm of brain stem,2025-09-09
250012,Neoplasm of spinal cord,2025-09-09
250012,Neoplasm of spinal cord,2025-09-09
251011,Neoplasm of cauda equina,2025-09-09
251011,Neoplasm of cauda equina,2025-09-09
252016,Neoplasm of spinal meninges,2025-09-09
252016,Neoplasm of spinal meninges,2025-09-09
253014,Neoplasm of meninges,2025-09-09
253014,Neoplasm of meninges,2025-09-09
254015,Neoplasm of cranial nerve,2025-09-09
254015,Neoplasm of cranial nerve,2025-09-09
255019,Neoplasm of olfactory nerve,2025-09-09
255019,Neoplasm of olfactory nerve,2025-09-09
256018,Neoplasm of optic nerve,2025-09-09
256018,Neoplasm of optic nerve,2025-09-09
257010,Neoplasm of oculomotor nerve,2025-09-09
257010,Neoplasm of oculomotor nerve,2025-09-09
258017,Neoplasm of trochlear nerve,2025-09-09
258017,Neoplasm of trochlear nerve,2025-09-09
259013,Neoplasm of trigeminal nerve,2025-09-09
259013,Neoplasm of trigeminal nerve,2025-09-09
260015,Neoplasm of abducens nerve,2025-09-09
260015,Neoplasm of abducens nerve,2025-09-09
261016,Neoplasm of facial nerve,2025-09-09
261016,Neoplasm of facial nerve,2025-09-09
262011,Neoplasm of acoustic nerve,2025-09-09
262011,Neoplasm of acoustic nerve,2025-09-09
263018,Neoplasm of glossopharyngeal nerve,2025-09-09
263018,Neoplasm of glossopharyngeal nerve,2025-09-09
264012,Neoplasm of vagus nerve,2025-09-09
264012,Neoplasm of vagus nerve,2025-09-09
265013,Neoplasm of accessory nerve,2025-09-09
265013,Neoplasm of accessory nerve,2025-09-09
266014,Neoplasm of hypoglossal nerve,2025-09-09
266014,Neoplasm of hypoglossal nerve,2025-09-09
267017,Neoplasm of autonomic nerve,2025-09-09
267017,Neoplasm of autonomic nerve,2025-09-09
268010,Neoplasm of peripheral nerve,2025-09-09
268010,Neoplasm of peripheral nerve,2025-09-09
269019,Neoplasm of peripheral nerve of head AND/OR neck,2025-09-09
270018,Neoplasm of peripheral nerves of head,2025-09-09
270018,Neoplasm of peripheral nerves of head,2025-09-09
271019,Neoplasm of peripheral nerves of face,2025-09-09
271019,Neoplasm of peripheral nerves of face,2025-09-09
272014,Neoplasm of peripheral nerves of neck,2025-09-09
272014,Neoplasm of peripheral nerves of neck,2025-09-09
274010,Neoplasm of peripheral nerves of upper limb,2025-09-09
274010,Neoplasm of peripheral nerves of upper limb,2025-09-09
275011,Neoplasm of peripheral nerves of shoulder,2025-09-09
275011,Neoplasm of peripheral nerves of shoulder,2025-09-09
277015,Neoplasm of peripheral nerves of lower limb,2025-09-09
277015,Neoplasm of peripheral nerves of lower limb,2025-09-09
278013,Neoplasm of peripheral nerves of hip,2025-09-09
278013,Neoplasm of peripheral nerves of hip,2025-09-09
279017,Neoplasm of peripheral nerves of thorax,2025-09-09
279017,Neoplasm of peripheral nerves of thorax,2025-09-09
280019,Neoplasm of peripheral nerves of abdomen,2025-09-09
280019,Neoplasm of peripheral nerves of abdomen,2025-09-09
281015,Neoplasm of peripheral nerves of pelvis,2025-09-09
281015,Neoplasm of peripheral nerves of pelvis,2025-09-09
281015,Neoplasm of peripheral nerves of pelvis,2025-09-09
282010,Neoplasm of peripheral nerves of trunk,2025-09-09
282010,Neoplasm of peripheral nerves of trunk,2025-09-09
283017,Neoplasm of eye,2025-09-09
283017,Neoplasm of eye,2025-09-09
284011,Neoplasm of conjunctiva,2025-09-09
284011,Neoplasm of conjunctiva,2025-09-09
285012,Neoplasm of cornea,2025-09-09
285012,Neoplasm of cornea,2025-09-09
286013,Neoplasm of ciliary body,2025-09-09
286013,Neoplasm of ciliary body,2025-09-09
287016,Neoplasm of sclera,2025-09-09
287016,Neoplasm of sclera,2025-09-09
288014,Neoplasm of uveal tract,2025-09-09
288014,Neoplasm of uveal tract,2025-09-09
289018,Neoplasm of choroid,2025-09-09
289018,Neoplasm of choroid,2025-09-09
290010,Neoplasm of retina,2025-09-09
290010,Neoplasm of retina,2025-09-09
291014,Neoplasm of orbit,2025-09-09
291014,Neoplasm of orbit,2025-09-09
292019,Neoplasm of lacrimal gland,2025-09-09
292019,Neoplasm of lacrimal gland,2025-09-09
293012,Neoplasm of lacrimal duct,2025-09-09
293012,Neoplasm of lacrimal duct,2025-09-09
294018,Neoplasm of middle ear,2025-09-09
294018,Neoplasm of middle ear,2025-09-09
296016,Neoplasm of mastoid air cells,2025-09-09
296016,Neoplasm of mastoid air cells,2025-09-09
297013,Disorder of endocrine receptor,2025-09-09
297013,Disorder of endocrine receptor,2025-09-09
299011,Diabetic sensory polyneuropathy,2025-09-09
299011,Diabetic sensory polyneuropathy,2025-09-09
299011,Diabetic sensory polyneuropathy,2025-09-09
300015,Lipoatrophic diabetes,2025-09-09
300015,Lipoatrophic diabetes,2025-09-09
301016,Diabetic renal disease,2025-09-09
301016,Diabetic renal disease,2025-09-09
302011,Diabetic peripheral angiopathy,2025-09-09
302011,Diabetic peripheral angiopathy,2025-09-09
303018,Neoplasm of endocrine gland,2025-09-09
303018,Neoplasm of endocrine gland,2025-09-09
304012,Neoplasm of multiple endocrine glands,2025-09-09
304012,Neoplasm of multiple endocrine glands,2025-09-09
306014,Neoplasm of thyroid gland,2025-09-09
306014,Neoplasm of thyroid gland,2025-09-09
307017,Neoplasm of thyroglossal duct,2025-09-09
307017,Neoplasm of thyroglossal duct,2025-09-09
308010,Neoplasm of parathyroid gland,2025-09-09
308010,Neoplasm of parathyroid gland,2025-09-09
309019,Neoplasm of adrenal gland,2025-09-09
309019,Neoplasm of adrenal gland,2025-09-09
310012,Neoplasm of adrenal cortex,2025-09-09
310012,Neoplasm of adrenal cortex,2025-09-09
311011,Neoplasm of adrenal medulla,2025-09-09
311011,Neoplasm of adrenal medulla,2025-09-09
312016,Neoplasm of pituitary gland,2025-09-09
312016,Neoplasm of pituitary gland,2025-09-09
313014,Neoplasm of craniopharyngeal duct,2025-09-09
313014,Neoplasm of craniopharyngeal duct,2025-09-09
314015,Neoplasm of pineal gland,2025-09-09
314015,Neoplasm of pineal gland,2025-09-09
315019,Neoplasm of paraganglion,2025-09-09
315019,Neoplasm of paraganglion,2025-09-09
316018,Neoplasm of carotid body,2025-09-09
316018,Neoplasm of carotid body,2025-09-09
317010,Neoplasm of aortic body,2025-09-09
317010,Neoplasm of aortic body,2025-09-09
318017,Neoplasm of glomus jugulare,2025-09-09
318017,Neoplasm of glomus jugulare,2025-09-09
319013,Neoplasm of para-aortic body,2025-09-09
319013,Neoplasm of para-aortic body,2025-09-09
320019,Neoplasm of coccygeal body,2025-09-09
320019,Neoplasm of coccygeal body,2025-09-09
321015,Abnormally increased cellular element of blood,2025-09-09
321015,Abnormally increased cellular element of blood,2025-09-09
322010,Pancytopenia,2025-09-09
322010,Pancytopenia,2025-09-09
323017,Bone marrow disorder,2025-09-09
323017,Bone marrow disorder,2025-09-09
324011,Cytochrome b>3< deficiency,2025-09-09
324011,Cytochrome b>3< deficiency,2025-09-09
325012,Toxic methemoglobinemia with cyanosis,2025-09-09
325012,Toxic methemoglobinemia with cyanosis,2025-09-09
326013,Hereditary hemoglobinopathy due to globin chain mutation,2025-09-09
326013,Hereditary hemoglobinopathy due to globin chain mutation,2025-09-09
327016,Acquired hemoglobinopathy,2025-09-09
327016,Acquired hemoglobinopathy,2025-09-09
328014,Sickle cell anemia,2025-09-09
328014,Sickle cell anemia,2025-09-09
329018,Sickle cell-beta-thalassemia,2025-09-09
329018,Sickle cell-beta-thalassemia,2025-09-09
330011,Sickle cell-beta^+^-thalassemia,2025-09-09
330011,Sickle cell-beta^+^-thalassemia,2025-09-09
330011,Sickle cell-beta^+^-thalassemia,2025-09-09
331010,Sickle cell-beta^0^-thalassemia,2025-09-09
331010,Sickle cell-beta^0^-thalassemia,2025-09-09
332015,Sickle cell-delta beta^0^-thalassemia,2025-09-09
332015,Sickle cell-delta beta^0^-thalassemia,2025-09-09
333013,Sickle cell anemia with coexistent alpha-thalassemia,2025-09-09
333013,Sickle cell anemia with coexistent alpha-thalassemia,2025-09-09
334019,Sickle cell trait with coexistent alpha-thalassemia,2025-09-09
334019,Sickle cell trait with coexistent alpha-thalassemia,2025-09-09
335018,Sickle cell-hemoglobin Lepore disease,2025-09-09
336017,Sickle cell-Hemoglobin O Arab disease,2025-09-09
337014,Primary (idiopathic) autoimmune hemolytic anemia,2025-09-09
337014,Primary (idiopathic) autoimmune hemolytic anemia,2025-09-09
338016,Secondary autoimmune hemolytic anemia,2025-09-09
338016,Secondary autoimmune hemolytic anemia,2025-09-09
339012,Primary (idiopathic) warm autoimmune hemolytic anemia,2025-09-09
339012,Primary (idiopathic) warm autoimmune hemolytic anemia,2025-09-09
340014,Secondary warm autoimmune hemolytic anemia,2025-09-09
340014,Secondary warm autoimmune hemolytic anemia,2025-09-09
341013,Post-infectious cold agglutinin disease,2025-09-09
341013,Post-infectious cold agglutinin disease,2025-09-09
342018,Cold agglutinin disease due to Epstein-Barr virus infection,2025-09-09
342018,Cold agglutinin disease due to Epstein-Barr virus infection,2025-09-09
343011,Chronic cold agglutinin disease,2025-09-09
343011,Chronic cold agglutinin disease,2025-09-09
344017,Chronic cold agglutinin disease associated with B-cell neoplasm,2025-09-09
345016,Paroxysmal cold hemoglobinuria,2025-09-09
345016,Paroxysmal cold hemoglobinuria,2025-09-09
346015,Paroxysmal cold hemoglobinuria associated with tertiary syphilis,2025-09-09
346015,Paroxysmal cold hemoglobinuria associated with tertiary syphilis,2025-09-09
347012,Drug-induced immune hemolytic anemia,2025-09-09
347012,Drug-induced immune hemolytic anemia,2025-09-09
348019,"Drug-induced immune hemolytic anemia, hapten type",2025-09-09
348019,"Drug-induced immune hemolytic anemia, hapten type",2025-09-09
349010,"Autoimmune hemolytic anemia, categorized by antibody class AND/OR complement",2025-09-09
350010,Erythrocytosis,2025-09-09
350010,Erythrocytosis,2025-09-09
351014,Erythrocytosis due to cyanotic congenital heart disease,2025-09-09
351014,Erythrocytosis due to cyanotic congenital heart disease,2025-09-09
352019,Chronic carbon monoxide intoxication,2025-09-09
352019,Chronic carbon monoxide intoxication,2025-09-09
353012,Familial erythrocytosis due to diphosphoglycerate mutase deficiency,2025-09-09
353012,Familial erythrocytosis due to diphosphoglycerate mutase deficiency,2025-09-09
354018,Familial polycythemia vera,2025-09-09
354018,Familial polycythemia vera,2025-09-09
355017,Stress neutrophilia,2025-09-09
355017,Stress neutrophilia,2025-09-09
356016,Histiocytic syndrome,2025-09-09
356016,Histiocytic syndrome,2025-09-09
357013,Hemophagocytic syndrome,2025-09-09
357013,Hemophagocytic syndrome,2025-09-09
358015,Malignant histiocytic disorder,2025-09-09
358015,Malignant histiocytic disorder,2025-09-09
359011,Immunoproliferative disorder,2025-09-09
359011,Immunoproliferative disorder,2025-09-09
360018,Allergic disorder,2025-09-09
360018,Allergic disorder,2025-09-09
361019,Disorder of hemostasis,2025-09-09
361019,Disorder of hemostasis,2025-09-09
362014,Superficial lymphadenopathy,2025-09-09
362014,Superficial lymphadenopathy,2025-09-09
363016,Deep lymphadenopathy,2025-09-09
363016,Deep lymphadenopathy,2025-09-09
364010,Occipital lymphadenopathy,2025-09-09
364010,Occipital lymphadenopathy,2025-09-09
365011,Posterior auricular lymphadenopathy,2025-09-09
365011,Posterior auricular lymphadenopathy,2025-09-09
366012,Anterior auricular lymphadenopathy,2025-09-09
366012,Anterior auricular lymphadenopathy,2025-09-09
367015,Inferior auricular lymphadenopathy,2025-09-09
367015,Inferior auricular lymphadenopathy,2025-09-09
368013,Parotid lymphadenopathy,2025-09-09
368013,Parotid lymphadenopathy,2025-09-09
369017,Facial lymphadenopathy,2025-09-09
369017,Facial lymphadenopathy,2025-09-09
370016,Submandibular lymphadenopathy,2025-09-09
370016,Submandibular lymphadenopathy,2025-09-09
371017,Submental lymphadenopathy,2025-09-09
371017,Submental lymphadenopathy,2025-09-09
372012,Mandibular lymphadenopathy,2025-09-09
372012,Mandibular lymphadenopathy,2025-09-09
373019,Submaxillary lymphadenopathy,2025-09-09
373019,Submaxillary lymphadenopathy,2025-09-09
374013,Cervical lymphadenopathy,2025-09-09
374013,Cervical lymphadenopathy,2025-09-09
375014,Lateral cervical lymphadenopathy,2025-09-09
375014,Lateral cervical lymphadenopathy,2025-09-09
376010,Supraclavicular lymphadenopathy,2025-09-09
376010,Supraclavicular lymphadenopathy,2025-09-09
377018,Jugular lymphadenopathy,2025-09-09
377018,Jugular lymphadenopathy,2025-09-09
378011,Anterior cervical lymphadenopathy,2025-09-09
378011,Anterior cervical lymphadenopathy,2025-09-09
379015,Retropharyngeal lymphadenopathy,2025-09-09
379015,Retropharyngeal lymphadenopathy,2025-09-09
380017,Prelaryngeal lymphadenopathy,2025-09-09
380017,Prelaryngeal lymphadenopathy,2025-09-09
381018,Delphian lymphadenopathy,2025-09-09
382013,Pretracheal lymphadenopathy,2025-09-09
382013,Pretracheal lymphadenopathy,2025-09-09
383015,Infraclavicular lymphadenopathy,2025-09-09
383015,Infraclavicular lymphadenopathy,2025-09-09
384014,Scalene lymphadenopathy,2025-09-09
384014,Scalene lymphadenopathy,2025-09-09
385010,Thoracic lymphadenopathy,2025-09-09
385010,Thoracic lymphadenopathy,2025-09-09
386011,Prevertebral lymphadenopathy,2025-09-09
386011,Prevertebral lymphadenopathy,2025-09-09
387019,Prepericardial lymphadenopathy,2025-09-09
387019,Prepericardial lymphadenopathy,2025-09-09
388012,Lateral pericardial lymphadenopathy,2025-09-09
388012,Lateral pericardial lymphadenopathy,2025-09-09
389016,Pulmonary lymphadenopathy,2025-09-09
389016,Pulmonary lymphadenopathy,2025-09-09
390013,Bronchopulmonary lymphadenopathy,2025-09-09
390013,Bronchopulmonary lymphadenopathy,2025-09-09
391012,Tracheobronchial lymphadenopathy,2025-09-09
391012,Tracheobronchial lymphadenopathy,2025-09-09
392017,Superior tracheobronchial lymphadenopathy,2025-09-09
392017,Superior tracheobronchial lymphadenopathy,2025-09-09
393010,Inferior tracheobronchial lymphadenopathy,2025-09-09
393010,Inferior tracheobronchial lymphadenopathy,2025-09-09
394016,Tracheal lymphadenopathy,2025-09-09
394016,Tracheal lymphadenopathy,2025-09-09
395015,Parasternal lymphadenopathy,2025-09-09
395015,Parasternal lymphadenopathy,2025-09-09
396019,Supramammary lymphadenopathy,2025-09-09
396019,Supramammary lymphadenopathy,2025-09-09
397011,Anterior mediastinal lymphadenopathy,2025-09-09
397011,Anterior mediastinal lymphadenopathy,2025-09-09
398018,Posterior mediastinal lymphadenopathy,2025-09-09
398018,Posterior mediastinal lymphadenopathy,2025-09-09
399014,Esophageal lymphadenopathy,2025-09-09
399014,Esophageal lymphadenopathy,2025-09-09
400019,Intercostal lymphadenopathy,2025-09-09
400019,Intercostal lymphadenopathy,2025-09-09
401015,Diaphragmatic lymphadenopathy,2025-09-09
401015,Diaphragmatic lymphadenopathy,2025-09-09
402010,Innominate lymphadenopathy,2025-09-09
402010,Innominate lymphadenopathy,2025-09-09
403017,Abdominal lymphadenopathy,2025-09-09
403017,Abdominal lymphadenopathy,2025-09-09
404011,Gut-associated lymphadenopathy,2025-09-09
404011,Gut-associated lymphadenopathy,2025-09-09
405012,Celiac lymphadenopathy,2025-09-09
405012,Celiac lymphadenopathy,2025-09-09
406013,Superior mesenteric lymphadenopathy,2025-09-09
406013,Superior mesenteric lymphadenopathy,2025-09-09
407016,Juxtaintestinal lymphadenopathy,2025-09-09
407016,Juxtaintestinal lymphadenopathy,2025-09-09
408014,Hepatic lymphadenopathy,2025-09-09
408014,Hepatic lymphadenopathy,2025-09-09
409018,Cystic lymphadenopathy,2025-09-09
409018,Cystic lymphadenopathy,2025-09-09
410011,Lymphadenopathy of epiploic foramen,2025-09-09
410011,Lymphadenopathy of epiploic foramen,2025-09-09
411010,Left gastric lymphadenopathy,2025-09-09
411010,Left gastric lymphadenopathy,2025-09-09
412015,Lymphadenopathy of lesser curvature of stomach,2025-09-09
412015,Lymphadenopathy of lesser curvature of stomach,2025-09-09
413013,Lymphadenopathy of greater curvature of stomach,2025-09-09
413013,Lymphadenopathy of greater curvature of stomach,2025-09-09
414019,Lymphadenopathy of lymph node ring of cardia of stomach,2025-09-09
414019,Lymphadenopathy of lymph node ring of cardia of stomach,2025-09-09
415018,Gastro-omental lymphadenopathy,2025-09-09
415018,Gastro-omental lymphadenopathy,2025-09-09
416017,Pyloric lymphadenopathy,2025-09-09
416017,Pyloric lymphadenopathy,2025-09-09
417014,Suprapyloric lymphadenopathy,2025-09-09
417014,Suprapyloric lymphadenopathy,2025-09-09
418016,Subpyloric lymphadenopathy,2025-09-09
418016,Subpyloric lymphadenopathy,2025-09-09
419012,Retropyloric lymphadenopathy,2025-09-09
419012,Retropyloric lymphadenopathy,2025-09-09
420018,Pancreaticosplenic lymphadenopathy,2025-09-09
420018,Pancreaticosplenic lymphadenopathy,2025-09-09
421019,Splenic lymphadenopathy,2025-09-09
421019,Splenic lymphadenopathy,2025-09-09
422014,Pancreatic lymphadenopathy,2025-09-09
422014,Pancreatic lymphadenopathy,2025-09-09
423016,Pancreaticoduodenal lymphadenopathy,2025-09-09
423016,Pancreaticoduodenal lymphadenopathy,2025-09-09
424010,Inferior pancreaticoduodenal lymphadenopathy,2025-09-09
424010,Inferior pancreaticoduodenal lymphadenopathy,2025-09-09
425011,Superior pancreaticoduodenal lymphadenopathy,2025-09-09
425011,Superior pancreaticoduodenal lymphadenopathy,2025-09-09
426012,Inferior pancreatic lymphadenopathy,2025-09-09
426012,Inferior pancreatic lymphadenopathy,2025-09-09
427015,Superior pancreatic lymphadenopathy,2025-09-09
427015,Superior pancreatic lymphadenopathy,2025-09-09
428013,Aortic lymphadenopathy,2025-09-09
428013,Aortic lymphadenopathy,2025-09-09
429017,Renal hilar lymphadenopathy,2025-09-09
429017,Renal hilar lymphadenopathy,2025-09-09
430010,Lumbar lymphadenopathy,2025-09-09
430010,Lumbar lymphadenopathy,2025-09-09
431014,Intestinal lymphadenopathy,2025-09-09
431014,Intestinal lymphadenopathy,2025-09-09
432019,Mesenteric lymphadenopathy,2025-09-09
432019,Mesenteric lymphadenopathy,2025-09-09
433012,Inferior mesenteric lymphadenopathy,2025-09-09
433012,Inferior mesenteric lymphadenopathy,2025-09-09
434018,Sigmoid lymphadenopathy,2025-09-09
434018,Sigmoid lymphadenopathy,2025-09-09
435017,Superior rectal lymphadenopathy,2025-09-09
435017,Superior rectal lymphadenopathy,2025-09-09
436016,Ileocolic lymphadenopathy,2025-09-09
436016,Ileocolic lymphadenopathy,2025-09-09
437013,Right colic lymphadenopathy,2025-09-09
437013,Right colic lymphadenopathy,2025-09-09
438015,Midcolic lymphadenopathy,2025-09-09
438015,Midcolic lymphadenopathy,2025-09-09
439011,Left colic lymphadenopathy,2025-09-09
439011,Left colic lymphadenopathy,2025-09-09
440013,Colic lymphadenopathy,2025-09-09
440013,Colic lymphadenopathy,2025-09-09
441012,Common duct lymphadenopathy,2025-09-09
441012,Common duct lymphadenopathy,2025-09-09
442017,Retroperitoneal lymphadenopathy,2025-09-09
442017,Retroperitoneal lymphadenopathy,2025-09-09
443010,Prececal lymphadenopathy,2025-09-09
443010,Prececal lymphadenopathy,2025-09-09
444016,Retrocecal lymphadenopathy,2025-09-09
444016,Retrocecal lymphadenopathy,2025-09-09
445015,Appendicular lymphadenopathy,2025-09-09
445015,Appendicular lymphadenopathy,2025-09-09
446019,Pelvic lymphadenopathy,2025-09-09
446019,Pelvic lymphadenopathy,2025-09-09
447011,Iliac lymphadenopathy,2025-09-09
447011,Iliac lymphadenopathy,2025-09-09
448018,Medial common iliac lymphadenopathy,2025-09-09
448018,Medial common iliac lymphadenopathy,2025-09-09
449014,Intermediate common iliac lymphadenopathy,2025-09-09
449014,Intermediate common iliac lymphadenopathy,2025-09-09
450014,Lateral common iliac lymphadenopathy,2025-09-09
450014,Lateral common iliac lymphadenopathy,2025-09-09
451013,Subaortic common iliac lymphadenopathy,2025-09-09
451013,Subaortic common iliac lymphadenopathy,2025-09-09
452018,Promontory lymphadenopathy,2025-09-09
452018,Promontory lymphadenopathy,2025-09-09
453011,Subiliac lymphadenopathy,2025-09-09
453011,Subiliac lymphadenopathy,2025-09-09
454017,External iliac lymphadenopathy,2025-09-09
454017,External iliac lymphadenopathy,2025-09-09
455016,Medial external iliac lymphadenopathy,2025-09-09
455016,Medial external iliac lymphadenopathy,2025-09-09
456015,Intermediate external iliac lymphadenopathy,2025-09-09
456015,Intermediate external iliac lymphadenopathy,2025-09-09
457012,Lateral external iliac lymphadenopathy,2025-09-09
457012,Lateral external iliac lymphadenopathy,2025-09-09
458019,Medial lacunar lymphadenopathy,2025-09-09
458019,Medial lacunar lymphadenopathy,2025-09-09
459010,Interiliac lymphadenopathy,2025-09-09
459010,Interiliac lymphadenopathy,2025-09-09
460017,Obturator lymphadenopathy,2025-09-09
460017,Obturator lymphadenopathy,2025-09-09
461018,Hypogastric lymphadenopathy,2025-09-09
461018,Hypogastric lymphadenopathy,2025-09-09
462013,Gluteal lymphadenopathy,2025-09-09
462013,Gluteal lymphadenopathy,2025-09-09
463015,Inferior gluteal lymphadenopathy,2025-09-09
463015,Inferior gluteal lymphadenopathy,2025-09-09
464014,Superior gluteal lymphadenopathy,2025-09-09
464014,Superior gluteal lymphadenopathy,2025-09-09
465010,Sacral lymphadenopathy,2025-09-09
465010,Sacral lymphadenopathy,2025-09-09
466011,Parametrial lymphadenopathy,2025-09-09
466011,Parametrial lymphadenopathy,2025-09-09
467019,Epigastric lymphadenopathy,2025-09-09
467019,Epigastric lymphadenopathy,2025-09-09
468012,Presymphysial lymphadenopathy,2025-09-09
468012,Presymphysial lymphadenopathy,2025-09-09
469016,Uterine paracervical lymphadenopathy,2025-09-09
469016,Uterine paracervical lymphadenopathy,2025-09-09
470015,Paravesicular lymphadenopathy,2025-09-09
470015,Paravesicular lymphadenopathy,2025-09-09
471016,Prevesicular lymphadenopathy,2025-09-09
471016,Prevesicular lymphadenopathy,2025-09-09
471016,Prevesicular lymphadenopathy,2025-09-09
472011,Postvesicular lymphadenopathy,2025-09-09
472011,Postvesicular lymphadenopathy,2025-09-09
473018,Lateral vesicular lymphadenopathy,2025-09-09
473018,Lateral vesicular lymphadenopathy,2025-09-09
474012,Paravaginal lymphadenopathy,2025-09-09
474012,Paravaginal lymphadenopathy,2025-09-09
475013,Pararectal lymphadenopathy,2025-09-09
475013,Pararectal lymphadenopathy,2025-09-09
476014,Upper extremity lymphadenopathy,2025-09-09
476014,Upper extremity lymphadenopathy,2025-09-09
477017,Axillary lymphadenopathy,2025-09-09
477017,Axillary lymphadenopathy,2025-09-09
478010,Lateral axillary lymphadenopathy,2025-09-09
478010,Lateral axillary lymphadenopathy,2025-09-09
479019,Central axillary lymphadenopathy,2025-09-09
479019,Central axillary lymphadenopathy,2025-09-09
480016,Apical axillary lymphadenopathy,2025-09-09
480016,Apical axillary lymphadenopathy,2025-09-09
481017,Pectoral axillary lymphadenopathy,2025-09-09
481017,Pectoral axillary lymphadenopathy,2025-09-09
482012,Subscapular axillary lymphadenopathy,2025-09-09
482012,Subscapular axillary lymphadenopathy,2025-09-09
483019,Paramammary lymphadenopathy,2025-09-09
483019,Paramammary lymphadenopathy,2025-09-09
484013,Cubital lymphadenopathy,2025-09-09
484013,Cubital lymphadenopathy,2025-09-09
485014,Epitrochlear lymphadenopathy,2025-09-09
485014,Epitrochlear lymphadenopathy,2025-09-09
486010,Lower extremity lymphadenopathy,2025-09-09
486010,Lower extremity lymphadenopathy,2025-09-09
487018,Inguinal lymphadenopathy,2025-09-09
487018,Inguinal lymphadenopathy,2025-09-09
488011,Deep inguinal lymphadenopathy,2025-09-09
488011,Deep inguinal lymphadenopathy,2025-09-09
489015,Prefemoral lymphadenopathy,2025-09-09
489015,Prefemoral lymphadenopathy,2025-09-09
490012,Superficial inguinal lymphadenopathy,2025-09-09
490012,Superficial inguinal lymphadenopathy,2025-09-09
491011,Superior medial inguinal lymphadenopathy,2025-09-09
491011,Superior medial inguinal lymphadenopathy,2025-09-09
492016,Superior lateral inguinal lymphadenopathy,2025-09-09
492016,Superior lateral inguinal lymphadenopathy,2025-09-09
493014,Inferior inguinal lymphadenopathy,2025-09-09
493014,Inferior inguinal lymphadenopathy,2025-09-09
494015,Popliteal lymphadenopathy,2025-09-09
494015,Popliteal lymphadenopathy,2025-09-09
495019,Deep popliteal lymphadenopathy,2025-09-09
495019,Deep popliteal lymphadenopathy,2025-09-09
496018,Superficial popliteal lymphadenopathy,2025-09-09
496018,Superficial popliteal lymphadenopathy,2025-09-09
497010,Tibial lymphadenopathy,2025-09-09
497010,Tibial lymphadenopathy,2025-09-09
498017,Posterior tibial lymphadenopathy,2025-09-09
498017,Posterior tibial lymphadenopathy,2025-09-09
499013,Anterior tibial lymphadenopathy,2025-09-09
499013,Anterior tibial lymphadenopathy,2025-09-09
500016,Fibular lymphadenopathy,2025-09-09
500016,Fibular lymphadenopathy,2025-09-09
501017,"Angiofollicular lymph node hyperplasia, hyaline-vascular type",2025-09-09
501017,"Angiofollicular lymph node hyperplasia, hyaline-vascular type",2025-09-09
502012,"Angiofollicular lymph node hyperplasia, plasma cell type",2025-09-09
502012,"Angiofollicular lymph node hyperplasia, plasma cell type",2025-09-09
503019,Progressively transformed germinal centers,2025-09-09
503019,Progressively transformed germinal centers,2025-09-09
504013,Angioimmunoblastic lymphadenopathy with dysproteinemia,2025-09-09
504013,Angioimmunoblastic lymphadenopathy with dysproteinemia,2025-09-09
505014,Histiocytic necrotizing lymphadenitis,2025-09-09
505014,Histiocytic necrotizing lymphadenitis,2025-09-09
506010,Reactive follicular hyperplasia in the elderly,2025-09-09
506010,Reactive follicular hyperplasia in the elderly,2025-09-09
507018,Post-transplantation lymphoproliferative syndrome,2025-09-09
507018,Post-transplantation lymphoproliferative syndrome,2025-09-09
508011,Malignant lymphoma of lymph nodes,2025-09-09
508011,Malignant lymphoma of lymph nodes,2025-09-09
509015,Hematologic malignancy,2025-09-09
509015,Hematologic malignancy,2025-09-09
510013,"Acute myeloid leukemia, minimal differentiation, FAB M0",2025-09-09
511012,"Acute myeloid leukemia without maturation, FAB M1",2025-09-09
512017,"Acute myeloid leukemia with maturation, FAB M2",2025-09-09
513010,Chronic myelomonocytic leukemia,2025-09-09
513010,Chronic myelomonocytic leukemia,2025-09-09
514016,Neoplasm of Waldeyer's ring,2025-09-09
515015,Neoplasm of tonsil,2025-09-09
515015,Neoplasm of tonsil,2025-09-09
516019,Neoplasm of adenoid,2025-09-09
516019,Neoplasm of adenoid,2025-09-09
517011,Neoplasm of lingual tonsil,2025-09-09
517011,Neoplasm of lingual tonsil,2025-09-09
518018,Neoplasm of spleen,2025-09-09
518018,Neoplasm of spleen,2025-09-09
519014,Neoplasm of thymus,2025-09-09
519014,Neoplasm of thymus,2025-09-09
520015,Neoplasm of lymph node,2025-09-09
520015,Neoplasm of lymph node,2025-09-09
521016,Neoplasm of lymph nodes of head,2025-09-09
521016,Neoplasm of lymph nodes of head,2025-09-09
522011,Neoplasm of lymph nodes of face,2025-09-09
522011,Neoplasm of lymph nodes of face,2025-09-09
523018,Neoplasm of lymph nodes of neck,2025-09-09
523018,Neoplasm of lymph nodes of neck,2025-09-09
524012,Neoplasm of occipital lymph nodes,2025-09-09
524012,Neoplasm of occipital lymph nodes,2025-09-09
525013,Neoplasm of parotid lymph nodes,2025-09-09
525013,Neoplasm of parotid lymph nodes,2025-09-09
526014,Neoplasm of preauricular lymph nodes,2025-09-09
526014,Neoplasm of preauricular lymph nodes,2025-09-09
527017,Neoplasm of submandibular lymph nodes,2025-09-09
527017,Neoplasm of submandibular lymph nodes,2025-09-09
528010,Neoplasm of submental lymph nodes,2025-09-09
528010,Neoplasm of submental lymph nodes,2025-09-09
529019,Neoplasm of supraclavicular lymph nodes,2025-09-09
529019,Neoplasm of supraclavicular lymph nodes,2025-09-09
530012,Neoplasm of retropharyngeal lymph nodes,2025-09-09
530012,Neoplasm of retropharyngeal lymph nodes,2025-09-09
531011,Neoplasm of infraclavicular lymph nodes,2025-09-09
531011,Neoplasm of infraclavicular lymph nodes,2025-09-09
532016,Neoplasm of scalene lymph nodes,2025-09-09
532016,Neoplasm of scalene lymph nodes,2025-09-09
533014,Neoplasm of intrathoracic lymph nodes,2025-09-09
533014,Neoplasm of intrathoracic lymph nodes,2025-09-09
534015,Neoplasm of bronchopulmonary lymph nodes,2025-09-09
534015,Neoplasm of bronchopulmonary lymph nodes,2025-09-09
535019,Neoplasm of tracheobronchial lymph nodes,2025-09-09
535019,Neoplasm of tracheobronchial lymph nodes,2025-09-09
536018,Neoplasm of mediastinal lymph nodes,2025-09-09
536018,Neoplasm of mediastinal lymph nodes,2025-09-09
537010,Neoplasm of intercostal lymph nodes,2025-09-09
537010,Neoplasm of intercostal lymph nodes,2025-09-09
538017,Neoplasm of intra-abdominal lymph nodes,2025-09-09
538017,Neoplasm of intra-abdominal lymph nodes,2025-09-09
539013,Neoplasm of intestinal lymph nodes,2025-09-09
539013,Neoplasm of intestinal lymph nodes,2025-09-09
540010,Neoplasm of mesenteric lymph nodes,2025-09-09
540010,Neoplasm of mesenteric lymph nodes,2025-09-09
541014,Neoplasm of retroperitoneal lymph nodes,2025-09-09
541014,Neoplasm of retroperitoneal lymph nodes,2025-09-09
542019,Neoplasm of lymph nodes of upper limb,2025-09-09
542019,Neoplasm of lymph nodes of upper limb,2025-09-09
543012,Neoplasm of axillary lymph nodes,2025-09-09
543012,Neoplasm of axillary lymph nodes,2025-09-09
544018,Neoplasm of lateral axillary lymph nodes,2025-09-09
544018,Neoplasm of lateral axillary lymph nodes,2025-09-09
545017,Neoplasm of pectoral axillary lymph nodes,2025-09-09
545017,Neoplasm of pectoral axillary lymph nodes,2025-09-09
546016,Neoplasm of paramammary lymph nodes,2025-09-09
546016,Neoplasm of paramammary lymph nodes,2025-09-09
547013,Neoplasm of cubital lymph nodes,2025-09-09
547013,Neoplasm of cubital lymph nodes,2025-09-09
548015,Neoplasm of epitrochlear lymph nodes,2025-09-09
548015,Neoplasm of epitrochlear lymph nodes,2025-09-09
549011,Neoplasm of lymph nodes of lower limb,2025-09-09
549011,Neoplasm of lymph nodes of lower limb,2025-09-09
550011,Neoplasm of inguinal lymph nodes,2025-09-09
550011,Neoplasm of inguinal lymph nodes,2025-09-09
551010,Neoplasm of superficial inguinal lymph nodes,2025-09-09
551010,Neoplasm of superficial inguinal lymph nodes,2025-09-09
552015,Neoplasm of femoral lymph nodes,2025-09-09
552015,Neoplasm of femoral lymph nodes,2025-09-09
553013,Neoplasm of popliteal lymph nodes,2025-09-09
553013,Neoplasm of popliteal lymph nodes,2025-09-09
554019,Neoplasm of tibial lymph nodes,2025-09-09
554019,Neoplasm of tibial lymph nodes,2025-09-09
555018,Neoplasm of intrapelvic lymph nodes,2025-09-09
555018,Neoplasm of intrapelvic lymph nodes,2025-09-09
556017,Neoplasm of iliac lymph nodes,2025-09-09
556017,Neoplasm of iliac lymph nodes,2025-09-09
557014,Neoplasm of obturator lymph nodes,2025-09-09
557014,Neoplasm of obturator lymph nodes,2025-09-09
558016,Neoplasm of hypogastric lymph nodes,2025-09-09
558016,Neoplasm of hypogastric lymph nodes,2025-09-09
559012,Neoplasm of parametrial lymph nodes,2025-09-09
559012,Neoplasm of parametrial lymph nodes,2025-09-09
560019,Neoplasm of paravaginal lymph nodes,2025-09-09
560019,Neoplasm of paravaginal lymph nodes,2025-09-09
561015,Neoplasm of pararectal lymph nodes,2025-09-09
561015,Neoplasm of pararectal lymph nodes,2025-09-09
562010,Neoplasm of lymph nodes of multiple sites,2025-09-09
562010,Neoplasm of lymph nodes of multiple sites,2025-09-09
563017,Injury of respiratory system,2025-09-09
563017,Injury of respiratory system,2025-09-09
564011,Injury of head with rhinorrhagia,2025-09-09
564011,Injury of head with rhinorrhagia,2025-09-09
565012,Injury of female genital system,2025-09-09
565012,Injury of female genital system,2025-09-09
566013,Injury of upper extremity,2025-09-09
566013,Injury of upper extremity,2025-09-09
567016,Injury of lower extremity,2025-09-09
567016,Injury of lower extremity,2025-09-09
568014,Fracture of basilar portion of occipital bone,2025-09-09
568014,Fracture of basilar portion of occipital bone,2025-09-09
569018,Fracture of occipital condyle,2025-09-09
569018,Fracture of occipital condyle,2025-09-09
570017,Fracture of clivus of occipital bone,2025-09-09
570017,Fracture of clivus of occipital bone,2025-09-09
571018,Fracture of ethmoid bone,2025-09-09
571018,Fracture of ethmoid bone,2025-09-09
572013,Fracture of orbital plate of ethmoid bone,2025-09-09
572013,Fracture of orbital plate of ethmoid bone,2025-09-09
573015,Fracture of lacrimal bone,2025-09-09
573015,Fracture of lacrimal bone,2025-09-09
574014,Fracture of upper end of humerus,2025-09-09
574014,Fracture of upper end of humerus,2025-09-09
575010,Intertrochanteric fracture,2025-09-09
575010,Intertrochanteric fracture,2025-09-09
576011,Closed medial dislocation of subtalar joint,2025-09-09
576011,Closed medial dislocation of subtalar joint,2025-09-09
577019,Closed lateral dislocation of subtalar joint,2025-09-09
577019,Closed lateral dislocation of subtalar joint,2025-09-09
578012,Open medial dislocation of subtalar joint,2025-09-09
578012,Open medial dislocation of subtalar joint,2025-09-09
579016,Open lateral dislocation of subtalar joint,2025-09-09
579016,Open lateral dislocation of subtalar joint,2025-09-09
580018,Sprain of anterior cruciate ligament of knee,2025-09-09
580018,Sprain of anterior cruciate ligament of knee,2025-09-09
581019,Sprain of posterior cruciate ligament of knee,2025-09-09
581019,Sprain of posterior cruciate ligament of knee,2025-09-09
582014,Brain injury,2025-09-09
583016,Traumatic brain injury,2025-09-09
583016,Traumatic brain injury,2025-09-09
584010,Intracranial injury,2025-09-09
584010,Intracranial injury,2025-09-09
585011,Intracranial injury with loss of consciousness,2025-09-09
585011,Intracranial injury with loss of consciousness,2025-09-09
586012,Traumatic brain injury with loss of consciousness,2025-09-09
586012,Traumatic brain injury with loss of consciousness,2025-09-09
587015,Traumatic brain injury with brief loss of consciousness,2025-09-09
587015,Traumatic brain injury with brief loss of consciousness,2025-09-09
588013,Traumatic brain injury with moderate loss of consciousness,2025-09-09
588013,Traumatic brain injury with moderate loss of consciousness,2025-09-09
589017,Traumatic brain injury with prolonged loss of consciousness,2025-09-09
589017,Traumatic brain injury with prolonged loss of consciousness,2025-09-09
590014,Traumatic brain injury with no loss of consciousness,2025-09-09
590014,Traumatic brain injury with no loss of consciousness,2025-09-09
591013,Cortex laceration,2025-09-09
591013,Cortex laceration,2025-09-09
592018,Cerebellar contusion,2025-09-09
592018,Cerebellar contusion,2025-09-09
593011,Brain stem contusion,2025-09-09
593011,Brain stem contusion,2025-09-09
594017,Cerebellar laceration,2025-09-09
594017,Cerebellar laceration,2025-09-09
595016,Brain stem laceration,2025-09-09
595016,Brain stem laceration,2025-09-09
596015,Intracranial hemorrhage following injury with loss of consciousness,2025-09-09
596015,Intracranial hemorrhage following injury with loss of consciousness,2025-09-09
597012,Intracranial hemorrhage following injury with brief loss of consciousness,2025-09-09
597012,Intracranial hemorrhage following injury with brief loss of consciousness,2025-09-09
598019,Intracranial hemorrhage following injury with moderate loss of consciousness,2025-09-09
598019,Intracranial hemorrhage following injury with moderate loss of consciousness,2025-09-09
599010,Intracranial hemorrhage following injury with prolonged loss of consciousness AND return to pre-existing conscious level,2025-09-09
600013,Intracranial hemorrhage following injury with prolonged loss of consciousness without return to pre-existing conscious level,2025-09-09
600013,Intracranial hemorrhage following injury with prolonged loss of consciousness without return to pre-existing conscious level,2025-09-09
601012,Injury of bile duct,2025-09-09
601012,Injury of bile duct,2025-09-09
602017,Open wound of chest wall,2025-09-09
602017,Open wound of chest wall,2025-09-09
603010,Sucking chest wound,2025-09-09
603010,Sucking chest wound,2025-09-09
604016,Injury of right colic artery,2025-09-09
604016,Injury of right colic artery,2025-09-09
605015,Injury of middle colic artery,2025-09-09
605015,Injury of middle colic artery,2025-09-09
606019,Injury of inferior pancreaticoduodenal artery,2025-09-09
606019,Injury of inferior pancreaticoduodenal artery,2025-09-09
607011,Anemia due to alloimmune destruction of transfused red cells,2025-09-09
607011,Anemia due to alloimmune destruction of transfused red cells,2025-09-09
607011,Anemia due to alloimmune destruction of transfused red cells,2025-09-09
608018,Poisoning by arthropod bite,2025-09-09
608018,Poisoning by arthropod bite,2025-09-09
609014,Acute digestive system disorder,2025-09-09
609014,Acute digestive system disorder,2025-09-09
610016,Intestinal infection,2025-09-09
610016,Intestinal infection,2025-09-09
612012,Myoclonic disorder,2025-09-09
612012,Myoclonic disorder,2025-09-09
613019,Procedure related finding,2025-09-09
613019,Procedure related finding,2025-09-09
614013,Non-human disorder,2025-09-09
